Genre,Title,Year,QualityLevels,MovieLink,ImageURL
Fantasy,Aquaman and the Lost Kingdom,,,/mGQnjg,/no.jpg
Fantasy,Migration,,,/meQGO0,/no.jpg
Fantasy,Ferrari,,,/mwOr5B,/no.jpg
Fantasy,Wish,,,/mRzBdZ,/no.jpg
Fantasy,Wonka,,,/m4WByM,/no.jpg
Fantasy,The Color Purple,,,/mN9NG4,/no.jpg
Fantasy,The Marvels,,,/mjPG5a,/no.jpg
Fantasy,Night of the Demons III,1997,DVD,https://ww1.goojara.to/mnkGwx,/no.jpg
Fantasy,The Nutcracker and the Magic Flute,2022,DVD,https://ww1.goojara.to/m06Ne7,/no.jpg
Fantasy,Renfield,2023,DVD,https://ww1.goojara.to/mdnGNn,/no.jpg
Fantasy,The Portable Door,2023,DVD,https://ww1.goojara.to/mRzBOv,/no.jpg
Fantasy,Batman: The Doom That Came to Gotham,2023,DVD,https://ww1.goojara.to/mZDG97,/no.jpg
Fantasy,Avatar: The Way of Water,2022,HDR,https://ww1.goojara.to/mzE5Pv,/no.jpg
Fantasy,Must Love Christmas,2022,HDR,https://ww1.goojara.to/mabG2e,/no.jpg
Fantasy,Call of the Unseen,2022,HDR,https://ww1.goojara.to/mOexep,/no.jpg
Fantasy,The Prophecy: Forsaken,2005,DVD,https://ww1.goojara.to/mPLqQN,/no.jpg
Fantasy,Teen Wolf: The Movie,2023,HDR,https://ww1.goojara.to/mDJDyL,/no.jpg
Fantasy,Last Train to Christmas,2021,DVD,https://ww1.goojara.to/mkDG8X,/no.jpg
Fantasy,A Miracle Before Christmas,2022,HDR,https://ww1.goojara.to/mEQE5p,/no.jpg
Fantasy,Christmas Class Reunion,2022,HDR,https://ww1.goojara.to/m4WEnb,/no.jpg
Fantasy,Black Adam,2022,HDR,https://ww1.goojara.to/mXnb0N,/no.jpg
Fantasy,Brahmastra Part One: Shiva,2022,HDR,https://ww1.goojara.to/mzEZe0,/no.jpg
Fantasy,Wicked,2021,DVD,https://ww1.goojara.to/mkD4kZ,/no.jpg
Fantasy,Slayers,2022,HDR,https://ww1.goojara.to/m2aEeG,/no.jpg
Fantasy,The School for Good and Evil,2022,HDR,https://ww1.goojara.to/m06wEw,/no.jpg
Fantasy,Blade of the 47 Ronin,2022,HDR,https://ww1.goojara.to/mjP4D2,/no.jpg
Fantasy,Monster High: The Movie,2022,HDR,https://ww1.goojara.to/mJRb8y,/no.jpg
Fantasy,Hocus Pocus 2,2022,HDR,https://ww1.goojara.to/mRzb7Z,/no.jpg
Fantasy,Jujutsu Kaisen 0,2022,DVD,https://ww1.goojara.to/mjP482,/no.jpg
Fantasy,Meet Cute,2022,HDR,https://ww1.goojara.to/m76EPO,/no.jpg
Fantasy,The Munsters,2022,HDR,https://ww1.goojara.to/myP4Lm,/no.jpg
Fantasy,Mona Lisa and the Blood Moon,2022,HDR,https://ww1.goojara.to/mvp42n,/no.jpg
Fantasy,Three Thousand Years of Longing,2022,HDR,https://ww1.goojara.to/mEQERq,/no.jpg
Fantasy,Samaritan,2022,HDR,https://ww1.goojara.to/mRzbNE,/no.jpg
Fantasy,Pil's Adventures,2021,HDR,https://ww1.goojara.to/mMGbPW,/no.jpg
Fantasy,Day Shift,2022,HDR,https://ww1.goojara.to/mab4v0,/no.jpg
Fantasy,Mockingbird Lane,2012,DVD,https://ww1.goojara.to/mnk4OJ,/no.jpg
Fantasy,The Princess,2022,HDR,https://ww1.goojara.to/mdn47N,/no.jpg
Fantasy,Doctor Strange in the Multiverse of Madness,2022,HDR,https://ww1.goojara.to/mgE4kq,/no.jpg
Fantasy,A Writer's Odyssey,2021,DVD,https://ww1.goojara.to/mEQEpD,/no.jpg
Fantasy,The Lost Girls,2022,HDR,https://ww1.goojara.to/m4WErp,/no.jpg
Fantasy,Father of the Bride,2022,HDR,https://ww1.goojara.to/mVwb2w,/no.jpg
Crime,Aquaman and the Lost Kingdom,,,/mGQnjg,/no.jpg
Crime,Migration,,,/meQGO0,/no.jpg
Crime,Ferrari,,,/mwOr5B,/no.jpg
Crime,Wish,,,/mRzBdZ,/no.jpg
Crime,Wonka,,,/m4WByM,/no.jpg
Crime,The Color Purple,,,/mN9NG4,/no.jpg
Crime,The Marvels,,,/mjPG5a,/no.jpg
Crime,John Wick: Chapter 4,2023,HDR,https://ww1.goojara.to/mqGZQ6,/no.jpg
Crime,To Catch a Killer,2023,HDR,https://ww1.goojara.to/mVwgOv,/no.jpg
Crime,A Thousand and One,2023,DVD,https://ww1.goojara.to/mXnGRO,/no.jpg
Crime,Mafia Mamma,2023,DVD,https://ww1.goojara.to/mQa6NM,/no.jpg
Crime,AKA,2023,DVD,https://ww1.goojara.to/m5QZ5a,/no.jpg
Crime,After the Storm,2003,DVD,https://ww1.goojara.to/myPJe8,/no.jpg
Crime,"Cut, Color, Murder",2022,DVD,https://ww1.goojara.to/mMGkeP,/no.jpg
Crime,Assassin,2023,DVD,https://ww1.goojara.to/mllGPB,/no.jpg
Crime,Murder Mystery 2,2023,HDR,https://ww1.goojara.to/mabGDe,/no.jpg
Crime,Sharper,2023,DVD,https://ww1.goojara.to/m5QZ4E,/no.jpg
Crime,Dear Prudence,2009,DVD,https://ww1.goojara.to/mjPGk7,/no.jpg
Crime,I Know Where Lizzie Is,2016,DVD,https://ww1.goojara.to/mwOrAk,/no.jpg
Crime,The Cases of Mystery Lane,2023,DVD,https://ww1.goojara.to/mRzBRv,/no.jpg
Crime,Boston Strangler,2023,DVD,https://ww1.goojara.to/mkDGW8,/no.jpg
Crime,Transfusion,2023,DVD,https://ww1.goojara.to/mnkGDE,/no.jpg
Crime,Luther: The Fallen Sun,2023,DVD,https://ww1.goojara.to/mrA0Ee,/no.jpg
Crime,Marlowe,2023,HDR,https://ww1.goojara.to/mJRWvk,/no.jpg
Crime,He's Not Worth Dying For,2022,HDR,https://ww1.goojara.to/mRzB6z,/no.jpg
Crime,Wild Is the Wind,2022,HDR,https://ww1.goojara.to/mJRWRk,/no.jpg
Crime,Orgasm Inc: The Story of OneTaste,2022,HDR,https://ww1.goojara.to/myPJP2,/no.jpg
Crime,The Awakener,2018,DVD,https://ww1.goojara.to/m06N64,/no.jpg
Crime,Infinity Pool,2023,HDR,https://ww1.goojara.to/meQGQD,/no.jpg
Crime,Diabolik,2021,HDR,https://ww1.goojara.to/mgEGnA,/no.jpg
Crime,Big Boys Don't Cry,2021,HDR,https://ww1.goojara.to/m4WBxb,/no.jpg
Crime,The Hatchet Wielding Hitchhiker,2023,HDR,https://ww1.goojara.to/mb8GjG,/no.jpg
Crime,The Pale Blue Eye,2023,HDR,https://ww1.goojara.to/m6M0Pg,/no.jpg
Crime,This Place Rules,2022,HDR,https://ww1.goojara.to/mXnG9p,/no.jpg
Crime,Glass Onion - Knives Out,2022,HDR,https://ww1.goojara.to/mvpyAA,/no.jpg
Crime,Violent Night,2022,HDR,https://ww1.goojara.to/m76EkL,/no.jpg
Crime,Sugar,2022,HDR,https://ww1.goojara.to/mRzbEx,/no.jpg
Crime,Poker Face,2022,HDR,https://ww1.goojara.to/mPLb9P,/no.jpg
Crime,Blaze,2022,HDR,https://ww1.goojara.to/mLRebj,/no.jpg
Crime,Enola Holmes 2,2022,HDR,https://ww1.goojara.to/mwOG47,/no.jpg
Crime,American Murderer,2022,HDR,https://ww1.goojara.to/mPLbRP,/no.jpg
Crime,The Good Nurse,2022,HDR,https://ww1.goojara.to/mDJbQ2,/no.jpg
Adventure,Aquaman and the Lost Kingdom,,,/mGQnjg,/no.jpg
Adventure,Migration,,,/meQGO0,/no.jpg
Adventure,Ferrari,,,/mwOr5B,/no.jpg
Adventure,Wish,,,/mRzBdZ,/no.jpg
Adventure,Wonka,,,/m4WByM,/no.jpg
Adventure,The Color Purple,,,/mN9NG4,/no.jpg
Adventure,The Marvels,,,/mjPG5a,/no.jpg
Adventure,The Bourne Identity,1988,DVD,https://ww1.goojara.to/mQa6nM,/no.jpg
Adventure,A Garfield Christmas Special,1987,DVD,https://ww1.goojara.to/mjPG6B,/no.jpg
Adventure,Crater,2023,DVD,https://ww1.goojara.to/mGQnwb,/no.jpg
Adventure,Guardians of the Galaxy Vol. 3,2023,HDR,https://ww1.goojara.to/mxG2wZ,/no.jpg
Adventure,Lamya's Poem,2023,DVD,https://ww1.goojara.to/mVwgPv,/no.jpg
Adventure,Dungeons & Dragons: Honor Among Thieves,2023,DVD,https://ww1.goojara.to/mabGlV,/no.jpg
Adventure,Peter Pan & Wendy,2023,DVD,https://ww1.goojara.to/myPJeO,/no.jpg
Adventure,Kings of Mulberry Street: Let Love Reign,2023,DVD,https://ww1.goojara.to/mvpyaN,/no.jpg
Adventure,Dragon Ball Super: Super Hero,2022,DVD,https://ww1.goojara.to/m767QN,/no.jpg
Adventure,The Super Mario Bros. Movie,2023,DVD,https://ww1.goojara.to/mabGle,/no.jpg
Adventure,Ghosted,2023,DVD,https://ww1.goojara.to/mLRzrz,/no.jpg
Adventure,Justice League x RWBY: Supereroi e Cacciatori: Parte 1,2023,DVD,https://ww1.goojara.to/m5QZ5E,/no.jpg
Adventure,Mighty Morphin Power Rangers: Once & Always,2023,DVD,https://ww1.goojara.to/m2aqwL,/no.jpg
Adventure,The Wandering Earth 2,2023,DVD,https://ww1.goojara.to/m767Qy,/no.jpg
Adventure,Ant-Man and the Wasp: Quantumania,2023,HDR,https://ww1.goojara.to/mb8GRd,/no.jpg
Adventure,Chupa,2023,DVD,https://ww1.goojara.to/m86jQn,/no.jpg
Adventure,65,2023,DVD,https://ww1.goojara.to/mmwGE7,/no.jpg
Adventure,Shazam! Fury of the Gods,2023,DVD,https://ww1.goojara.to/m1exqy,/no.jpg
Adventure,The Quest for Tom Sawyer's Gold,2023,HDR,https://ww1.goojara.to/mkDGV8,/no.jpg
Adventure,Avatar: The Way of Water,2022,HDR,https://ww1.goojara.to/mzE5Pv,/no.jpg
Adventure,Pathaan,2023,DVD,https://ww1.goojara.to/mAeOy6,/no.jpg
Adventure,The Magician's Elephant,2023,DVD,https://ww1.goojara.to/mpQGk5,/no.jpg
Adventure,We Have a Ghost,2023,HDR,https://ww1.goojara.to/m9WvW6,/no.jpg
Adventure,Monsters of War,2021,HDR,https://ww1.goojara.to/mQa6am,/no.jpg
Adventure,Call of the Unseen,2022,HDR,https://ww1.goojara.to/mOexep,/no.jpg
Adventure,Big Trip 2: Special Delivery,2022,HDR,https://ww1.goojara.to/mLRzR4,/no.jpg
Adventure,Black Panther: Wakanda Forever,2022,HDR,https://ww1.goojara.to/mpQGPR,/no.jpg
Adventure,Jung_E,2023,HDR,https://ww1.goojara.to/mabG71,/no.jpg
Adventure,Warriors of Future,2022,HDR,https://ww1.goojara.to/m2aqAx,/no.jpg
Adventure,Mad Heidi,2022,HDR,https://ww1.goojara.to/mvpyXA,/no.jpg
Adventure,Puss in Boots: The Last Wish,2022,HDR,https://ww1.goojara.to/mqGZk5,/no.jpg
Adventure,Curious George: Cape Ahoy,2021,DVD,https://ww1.goojara.to/mpQGxl,/no.jpg
Adventure,The Amazing Maurice,2022,HDR,https://ww1.goojara.to/mOexNz,/no.jpg
Adventure,The Bear,1998,HDR,https://ww1.goojara.to/mrA0VA,/no.jpg
Adventure,Strange World,2022,HDR,https://ww1.goojara.to/mjP4ww,/no.jpg
Action,Aquaman and the Lost Kingdom,,,/mGQnjg,/no.jpg
Action,Migration,,,/meQGO0,/no.jpg
Action,Ferrari,,,/mwOr5B,/no.jpg
Action,Wish,,,/mRzBdZ,/no.jpg
Action,Wonka,,,/m4WByM,/no.jpg
Action,The Color Purple,,,/mN9NG4,/no.jpg
Action,The Marvels,,,/mjPG5a,/no.jpg
Action,Hypnotic,2023,DVD,https://ww1.goojara.to/mRzBAg,/no.jpg
Action,The Last Outlaw,1993,DVD,https://ww1.goojara.to/mb8Gzq,/no.jpg
Action,Daybreak,1993,DVD,https://ww1.goojara.to/m86jP5,/no.jpg
Action,John Wick: Chapter 4,2023,HDR,https://ww1.goojara.to/mqGZQ6,/no.jpg
Action,To Catch a Killer,2023,HDR,https://ww1.goojara.to/mVwgOv,/no.jpg
Action,Die Hart,2023,DVD,https://ww1.goojara.to/mXnGOO,/no.jpg
Action,The Bourne Identity,1988,DVD,https://ww1.goojara.to/mQa6nM,/no.jpg
Action,Sisu,2023,DVD,https://ww1.goojara.to/mMGkze,/no.jpg
Action,Dead Shot,2023,DVD,https://ww1.goojara.to/mgEGwG,/no.jpg
Action,The Mother,2023,DVD,https://ww1.goojara.to/mwOrV1,/no.jpg
Action,The Best Man,2023,DVD,https://ww1.goojara.to/mRzBXg,/no.jpg
Action,Guy Ritchie's The Covenant,2023,DVD,https://ww1.goojara.to/mb8GOq,/no.jpg
Action,One Ranger,2023,DVD,https://ww1.goojara.to/mB4l6O,/no.jpg
Action,Guardians of the Galaxy Vol. 3,2023,HDR,https://ww1.goojara.to/mxG2wZ,/no.jpg
Action,Mafia Mamma,2023,DVD,https://ww1.goojara.to/mQa6NM,/no.jpg
Action,Dungeons & Dragons: Honor Among Thieves,2023,DVD,https://ww1.goojara.to/mabGlV,/no.jpg
Action,AKA,2023,DVD,https://ww1.goojara.to/m5QZ5a,/no.jpg
Action,Peter Pan & Wendy,2023,DVD,https://ww1.goojara.to/myPJeO,/no.jpg
Action,The 10th Victim,1965,DVD,https://ww1.goojara.to/mjPGVB,/no.jpg
Action,Dragon Ball Super: Super Hero,2022,DVD,https://ww1.goojara.to/m767QN,/no.jpg
Action,Ashes of Time,1994,DVD,https://ww1.goojara.to/mZDGV6,/no.jpg
Action,Ghosted,2023,DVD,https://ww1.goojara.to/mLRzrz,/no.jpg
Action,Justice League x RWBY: Supereroi e Cacciatori: Parte 1,2023,DVD,https://ww1.goojara.to/m5QZ5E,/no.jpg
Action,Mighty Morphin Power Rangers: Once & Always,2023,DVD,https://ww1.goojara.to/m2aqwL,/no.jpg
Action,After the Storm,2003,DVD,https://ww1.goojara.to/myPJe8,/no.jpg
Action,The Wandering Earth 2,2023,DVD,https://ww1.goojara.to/m767Qy,/no.jpg
Action,One Day as a Lion,2023,DVD,https://ww1.goojara.to/mzE5Gv,/no.jpg
Action,The Last Kingdom: Seven Kings Must Die,2023,HDR,https://ww1.goojara.to/mGQn6Z,/no.jpg
Action,Ant-Man and the Wasp: Quantumania,2023,HDR,https://ww1.goojara.to/mb8GRd,/no.jpg
Action,Chupa,2023,DVD,https://ww1.goojara.to/m86jQn,/no.jpg
Action,65,2023,DVD,https://ww1.goojara.to/mmwGE7,/no.jpg
Action,Shazam! Fury of the Gods,2023,DVD,https://ww1.goojara.to/m1exqy,/no.jpg
Action,Kill Boksoon,2023,DVD,https://ww1.goojara.to/mXnGlJ,/no.jpg
Action,Assassin,2023,DVD,https://ww1.goojara.to/mllGPB,/no.jpg
Action,Murder Mystery 2,2023,HDR,https://ww1.goojara.to/mabGDe,/no.jpg
Thriller,Aquaman and the Lost Kingdom,,,/mGQnjg,/no.jpg
Thriller,Migration,,,/meQGO0,/no.jpg
Thriller,Ferrari,,,/mwOr5B,/no.jpg
Thriller,Wish,,,/mRzBdZ,/no.jpg
Thriller,Wonka,,,/m4WByM,/no.jpg
Thriller,The Color Purple,,,/mN9NG4,/no.jpg
Thriller,The Marvels,,,/mjPG5a,/no.jpg
Thriller,The Black Demon,2023,DVD,https://ww1.goojara.to/meQGam,/no.jpg
Thriller,Hypnotic,2023,DVD,https://ww1.goojara.to/mRzBAg,/no.jpg
Thriller,Dirty War,2004,DVD,https://ww1.goojara.to/m1exy9,/no.jpg
Thriller,John Wick: Chapter 4,2023,HDR,https://ww1.goojara.to/mqGZQ6,/no.jpg
Thriller,Swallowed,2022,DVD,https://ww1.goojara.to/mPLq6A,/no.jpg
Thriller,War of the Worlds: The Attack,2023,DVD,https://ww1.goojara.to/mDJDjM,/no.jpg
Thriller,Dead Shot,2023,DVD,https://ww1.goojara.to/mgEGwG,/no.jpg
Thriller,The Mother,2023,DVD,https://ww1.goojara.to/mwOrV1,/no.jpg
Thriller,The Best Man,2023,DVD,https://ww1.goojara.to/mRzBXg,/no.jpg
Thriller,Guy Ritchie's The Covenant,2023,DVD,https://ww1.goojara.to/mb8GOq,/no.jpg
Thriller,One Ranger,2023,DVD,https://ww1.goojara.to/mB4l6O,/no.jpg
Thriller,Simulant,2023,DVD,https://ww1.goojara.to/m6M0pA,/no.jpg
Thriller,Last Sentinel,2023,DVD,https://ww1.goojara.to/mllGpw,/no.jpg
Thriller,The Pope's Exorcist,2023,DVD,https://ww1.goojara.to/mOexqN,/no.jpg
Thriller,Sick,2023,DVD,https://ww1.goojara.to/mLRzr1,/no.jpg
Thriller,AKA,2023,DVD,https://ww1.goojara.to/m5QZ5a,/no.jpg
Thriller,Clock,2023,DVD,https://ww1.goojara.to/mJRWPp,/no.jpg
Thriller,The Artifice Girl,2023,DVD,https://ww1.goojara.to/m2aqw5,/no.jpg
Thriller,Scream VI,2023,DVD,https://ww1.goojara.to/m06Np7,/no.jpg
Thriller,After the Storm,2003,DVD,https://ww1.goojara.to/myPJe8,/no.jpg
Thriller,The Tutor,2023,DVD,https://ww1.goojara.to/mZDGV7,/no.jpg
Thriller,One Day as a Lion,2023,DVD,https://ww1.goojara.to/mzE5Gv,/no.jpg
Thriller,Rooming with Danger,2023,HDR,https://ww1.goojara.to/m6M0NL,/no.jpg
Thriller,The Baby Swindler,2023,HDR,https://ww1.goojara.to/mN9NnJ,/no.jpg
Thriller,Who Killed Our Father?,2023,DVD,https://ww1.goojara.to/mpQGz5,/no.jpg
Thriller,You Can't Escape Me,2023,DVD,https://ww1.goojara.to/mVwgNG,/no.jpg
Thriller,Inside,2023,DVD,https://ww1.goojara.to/mWkG9v,/no.jpg
Thriller,Kill Boksoon,2023,DVD,https://ww1.goojara.to/mXnGlJ,/no.jpg
Thriller,"Home, Not Alone",2023,DVD,https://ww1.goojara.to/mnkGPE,/no.jpg
Thriller,Assassin,2023,DVD,https://ww1.goojara.to/mllGPB,/no.jpg
Thriller,Sharper,2023,DVD,https://ww1.goojara.to/m5QZ4E,/no.jpg
Thriller,The Murder Pact,2015,DVD,https://ww1.goojara.to/mJRWDz,/no.jpg
Thriller,The Art of Murder,2018,DVD,https://ww1.goojara.to/mrA0ne,/no.jpg
Thriller,Twisted Twin,2020,DVD,https://ww1.goojara.to/mgEGQr,/no.jpg
Thriller,Unseen,2023,DVD,https://ww1.goojara.to/mGQnEZ,/no.jpg
Romance,Aquaman and the Lost Kingdom,,,/mGQnjg,/no.jpg
Romance,Migration,,,/meQGO0,/no.jpg
Romance,Ferrari,,,/mwOr5B,/no.jpg
Romance,Wish,,,/mRzBdZ,/no.jpg
Romance,Wonka,,,/m4WByM,/no.jpg
Romance,The Color Purple,,,/mN9NG4,/no.jpg
Romance,The Marvels,,,/mjPG5a,/no.jpg
Romance,"Love, Game, Match",2022,DVD,https://ww1.goojara.to/m4WBJg,/no.jpg
Romance,Daybreak,1993,DVD,https://ww1.goojara.to/m86jP5,/no.jpg
Romance,Love Again,2023,DVD,https://ww1.goojara.to/m6M0xA,/no.jpg
Romance,Thorp,2020,DVD,https://ww1.goojara.to/mxG2lZ,/no.jpg
Romance,Robots,2023,DVD,https://ww1.goojara.to/mkDGNx,/no.jpg
Romance,Just Jake,2023,DVD,https://ww1.goojara.to/mrA0Oj,/no.jpg
Romance,All I Want,2017,DVD,https://ww1.goojara.to/mWkGqQ,/no.jpg
Romance,Life Upside Down,2023,DVD,https://ww1.goojara.to/mnkGxx,/no.jpg
Romance,Beautiful Disaster,2023,DVD,https://ww1.goojara.to/mMGkOe,/no.jpg
Romance,Space Oddity,2023,HDR,https://ww1.goojara.to/mDJDPM,/no.jpg
Romance,The 10th Victim,1965,DVD,https://ww1.goojara.to/mjPGVB,/no.jpg
Romance,What's Love Got to Do with It?,2022,DVD,https://ww1.goojara.to/m06Np0,/no.jpg
Romance,The Blessing Bracelet,2023,DVD,https://ww1.goojara.to/mwOrek,/no.jpg
Romance,Praise This,2023,DVD,https://ww1.goojara.to/m4WBzd,/no.jpg
Romance,Prom Pact,2023,HDR,https://ww1.goojara.to/mB4ldd,/no.jpg
Romance,Rye Lane,2023,DVD,https://ww1.goojara.to/mqGZEz,/no.jpg
Romance,Love in the Maldives,2023,HDR,https://ww1.goojara.to/mPLqPB,/no.jpg
Romance,Divorce Bait,2022,DVD,https://ww1.goojara.to/mQa6R5,/no.jpg
Romance,The Cases of Mystery Lane,2023,DVD,https://ww1.goojara.to/mRzBRv,/no.jpg
Romance,Love and Love Not,2022,HDR,https://ww1.goojara.to/m86jOn,/no.jpg
Romance,Of an Age,2023,HDR,https://ww1.goojara.to/mDJDMG,/no.jpg
Romance,Must Love Christmas,2022,HDR,https://ww1.goojara.to/mabG2e,/no.jpg
Romance,Love at First Kiss,2023,HDR,https://ww1.goojara.to/mjPGWr,/no.jpg
Romance,A Maple Valley Christmas,2022,HDR,https://ww1.goojara.to/mVwgwg,/no.jpg
Romance,Next Exit,2022,HDR,https://ww1.goojara.to/mPLqLN,/no.jpg
Romance,Christmas Lovers Anonymous,2021,HDR,https://ww1.goojara.to/mDJDJL,/no.jpg
Romance,The Hunchback of Notre Dame,1982,DVD,https://ww1.goojara.to/mZDGDm,/no.jpg
Romance,Maybe I Do,2023,HDR,https://ww1.goojara.to/mgEGEw,/no.jpg
Romance,Your Place or Mine,2023,HDR,https://ww1.goojara.to/mGQnQ6,/no.jpg
Romance,Somebody I Used to Know,2023,HDR,https://ww1.goojara.to/mEQMQw,/no.jpg
Romance,Empire of Light,2023,HDR,https://ww1.goojara.to/m1ex4J,/no.jpg
Romance,Shotgun Wedding,2023,HDR,https://ww1.goojara.to/mnkGNb,/no.jpg
Romance,You People,2023,HDR,https://ww1.goojara.to/mQa6Bm,/no.jpg
Romance,The Wedding Veil Expectations,2023,HDR,https://ww1.goojara.to/mvpyXz,/no.jpg
Romance,The Wedding Veil Legacy,2022,HDR,https://ww1.goojara.to/mjPGdr,/no.jpg
Comedy,Aquaman and the Lost Kingdom,,,/mGQnjg,/no.jpg
Comedy,Migration,,,/meQGO0,/no.jpg
Comedy,Ferrari,,,/mwOr5B,/no.jpg
Comedy,Wish,,,/mRzBdZ,/no.jpg
Comedy,Wonka,,,/m4WByM,/no.jpg
Comedy,The Color Purple,,,/mN9NG4,/no.jpg
Comedy,The Marvels,,,/mjPG5a,/no.jpg
Comedy,Book Club: The Next Chapter,2023,DVD,https://ww1.goojara.to/mEQMvm,/no.jpg
Comedy,"Love, Game, Match",2022,DVD,https://ww1.goojara.to/m4WBJg,/no.jpg
Comedy,Just for Laughs 2022: The Gala Specials - Russell Peters,2023,DVD,https://ww1.goojara.to/m9WvNB,/no.jpg
Comedy,House Party 4: Down to the Last Minute,2001,DVD,https://ww1.goojara.to/mmwGN0,/no.jpg
Comedy,Lewis Black: Thanks for Risking Your Life,2020,DVD,https://ww1.goojara.to/mAeOZx,/no.jpg
Comedy,Love Again,2023,DVD,https://ww1.goojara.to/m6M0xA,/no.jpg
Comedy,Thorp,2020,DVD,https://ww1.goojara.to/mxG2lZ,/no.jpg
Comedy,White Men Can't Jump,2023,DVD,https://ww1.goojara.to/mN9N6j,/no.jpg
Comedy,Robots,2023,DVD,https://ww1.goojara.to/mkDGNx,/no.jpg
Comedy,Die Hart,2023,DVD,https://ww1.goojara.to/mXnGOO,/no.jpg
Comedy,Junkyard Dogs,2022,DVD,https://ww1.goojara.to/m2aqO5,/no.jpg
Comedy,Carl Barron: A One Ended Stick,2013,DVD,https://ww1.goojara.to/mzE5NR,/no.jpg
Comedy,Paint,2023,DVD,https://ww1.goojara.to/meQG1m,/no.jpg
Comedy,Earthquake: (Practice) The Secret Files of Earthquake,2022,DVD,https://ww1.goojara.to/m1exL9,/no.jpg
Comedy,Waffle Street,2015,DVD,https://ww1.goojara.to/mqGZl6,/no.jpg
Comedy,Guardians of the Galaxy Vol. 3,2023,HDR,https://ww1.goojara.to/mxG2wZ,/no.jpg
Comedy,All I Want,2017,DVD,https://ww1.goojara.to/mWkGqQ,/no.jpg
Comedy,Alex Borstein: Corsets & Clown Suits,2023,DVD,https://ww1.goojara.to/mPLqXA,/no.jpg
Comedy,Life Upside Down,2023,DVD,https://ww1.goojara.to/mnkGxx,/no.jpg
Comedy,Mafia Mamma,2023,DVD,https://ww1.goojara.to/mQa6NM,/no.jpg
Comedy,Space Oddity,2023,HDR,https://ww1.goojara.to/mDJDPM,/no.jpg
Comedy,Renfield,2023,DVD,https://ww1.goojara.to/mdnGNn,/no.jpg
Comedy,Dungeons & Dragons: Honor Among Thieves,2023,DVD,https://ww1.goojara.to/mabGlV,/no.jpg
Comedy,Peter Pan & Wendy,2023,DVD,https://ww1.goojara.to/myPJeO,/no.jpg
Comedy,Kings of Mulberry Street: Let Love Reign,2023,DVD,https://ww1.goojara.to/mvpyaN,/no.jpg
Comedy,The 10th Victim,1965,DVD,https://ww1.goojara.to/mjPGVB,/no.jpg
Comedy,The Super Mario Bros. Movie,2023,DVD,https://ww1.goojara.to/mabGle,/no.jpg
Comedy,Ghosted,2023,DVD,https://ww1.goojara.to/mLRzrz,/no.jpg
Comedy,Going to America,2015,DVD,https://ww1.goojara.to/mrA0de,/no.jpg
Comedy,Just for Laughs 2022: The Gala Specials - Jo Koy,2023,DVD,https://ww1.goojara.to/mvpya0,/no.jpg
Comedy,Chris Robinson: Panning for Gold,2023,DVD,https://ww1.goojara.to/mjPGV7,/no.jpg
Comedy,What's Love Got to Do with It?,2022,DVD,https://ww1.goojara.to/m06Np0,/no.jpg
Comedy,Leanne Morgan: I'm Every Woman,2023,DVD,https://ww1.goojara.to/meQG9y,/no.jpg
Comedy,Ant-Man and the Wasp: Quantumania,2023,HDR,https://ww1.goojara.to/mb8GRd,/no.jpg
Comedy,Shazam! Fury of the Gods,2023,DVD,https://ww1.goojara.to/m1exqy,/no.jpg
Sci-Fi,Aquaman and the Lost Kingdom,,,/mGQnjg,/no.jpg
Sci-Fi,Migration,,,/meQGO0,/no.jpg
Sci-Fi,Ferrari,,,/mwOr5B,/no.jpg
Sci-Fi,Wish,,,/mRzBdZ,/no.jpg
Sci-Fi,Wonka,,,/m4WByM,/no.jpg
Sci-Fi,The Color Purple,,,/mN9NG4,/no.jpg
Sci-Fi,The Marvels,,,/mjPG5a,/no.jpg
Sci-Fi,The Black Demon,2023,DVD,https://ww1.goojara.to/meQGam,/no.jpg
Sci-Fi,Robots,2023,DVD,https://ww1.goojara.to/mkDGNx,/no.jpg
Sci-Fi,War of the Worlds: The Attack,2023,DVD,https://ww1.goojara.to/mDJDjM,/no.jpg
Sci-Fi,Colonials,2023,DVD,https://ww1.goojara.to/m9WvxB,/no.jpg
Sci-Fi,Simulant,2023,DVD,https://ww1.goojara.to/m6M0pA,/no.jpg
Sci-Fi,Space Oddity,2023,HDR,https://ww1.goojara.to/mDJDPM,/no.jpg
Sci-Fi,Last Sentinel,2023,DVD,https://ww1.goojara.to/mllGpw,/no.jpg
Sci-Fi,The Artifice Girl,2023,DVD,https://ww1.goojara.to/m2aqw5,/no.jpg
Sci-Fi,Kids vs. Aliens,2023,DVD,https://ww1.goojara.to/mgEGJr,/no.jpg
Sci-Fi,The Devil Conspiracy,2023,HDR,https://ww1.goojara.to/mvpyM0,/no.jpg
Sci-Fi,Knight Rider 2010,1994,DVD,https://ww1.goojara.to/mzE5XA,/no.jpg
Sci-Fi,Knight Rider 2000,1991,DVD,https://ww1.goojara.to/mgEG8w,/no.jpg
Sci-Fi,I'm Totally Fine,2022,HDR,https://ww1.goojara.to/mdnGnR,/no.jpg
Sci-Fi,Ghost in the Shell: The New Movie,2015,DVD,https://ww1.goojara.to/mzE5EA,/no.jpg
Sci-Fi,Legion of Super-Heroes,2023,HDR,https://ww1.goojara.to/mB4lzR,/no.jpg
Sci-Fi,M3gan,2023,HDR,https://ww1.goojara.to/m5QZW5,/no.jpg
Sci-Fi,Glasshouse,2021,HDR,https://ww1.goojara.to/mJRWwD,/no.jpg
Sci-Fi,Warriors of Future,2022,HDR,https://ww1.goojara.to/m2aqAx,/no.jpg
Sci-Fi,Something in the Dirt,2022,HDR,https://ww1.goojara.to/m2aEdx,/no.jpg
Sci-Fi,Slash/Back,2022,HDR,https://ww1.goojara.to/meQ4dP,/no.jpg
Sci-Fi,Project Legion,2022,HDR,https://ww1.goojara.to/m1eERM,/no.jpg
Sci-Fi,Significant Other,2022,HDR,https://ww1.goojara.to/mQab07,/no.jpg
Sci-Fi,Vesper,2022,HDR,https://ww1.goojara.to/meQ4W0,/no.jpg
Sci-Fi,Without Warning,1994,DVD,https://ww1.goojara.to/mb84nO,/no.jpg
Sci-Fi,Blank,2022,HDR,https://ww1.goojara.to/mnk4EO,/no.jpg
Sci-Fi,Until the End of the World,1991,DVD,https://ww1.goojara.to/mJRb0y,/no.jpg
Sci-Fi,The Time Capsule,2022,HDR,https://ww1.goojara.to/mB4bRP,/no.jpg
Sci-Fi,Time Loop,2020,DVD,https://ww1.goojara.to/mEQEOq,/no.jpg
Sci-Fi,Nope,2022,HDR,https://ww1.goojara.to/m4WE10,/no.jpg
Sci-Fi,Nick Fury: Agent of Shield,1998,DVD,https://ww1.goojara.to/mnk4Q6,/no.jpg
Sci-Fi,Wifelike,2022,HDR,https://ww1.goojara.to/m5QEm1,/no.jpg
Sci-Fi,Battlestar Galactica: Blood & Chrome,2012,DVD,https://ww1.goojara.to/m06wnR,/no.jpg
Sci-Fi,THE PREY: Legend of Karnoctus,2022,HDR,https://ww1.goojara.to/mGQb2N,/no.jpg
Sci-Fi,Jurassic World Dominion,2022,DVD,https://ww1.goojara.to/mAebzD,/no.jpg
Sci-Fi,Rubikon,2022,HDR,https://ww1.goojara.to/mDJbvj,/no.jpg
Drama,Aquaman and the Lost Kingdom,,,/mGQnjg,/no.jpg
Drama,Migration,,,/meQGO0,/no.jpg
Drama,Ferrari,,,/mwOr5B,/no.jpg
Drama,Wish,,,/mRzBdZ,/no.jpg
Drama,Wonka,,,/m4WByM,/no.jpg
Drama,The Color Purple,,,/mN9NG4,/no.jpg
Drama,The Marvels,,,/mjPG5a,/no.jpg
Drama,Reality,2023,DVD,https://ww1.goojara.to/mwOrQ1,/no.jpg
Drama,The Last Outlaw,1993,DVD,https://ww1.goojara.to/mb8Gzq,/no.jpg
Drama,Daybreak,1993,DVD,https://ww1.goojara.to/m86jP5,/no.jpg
Drama,Dirty War,2004,DVD,https://ww1.goojara.to/m1exy9,/no.jpg
Drama,Phil Spector,2013,DVD,https://ww1.goojara.to/mB4l0O,/no.jpg
Drama,Love Again,2023,DVD,https://ww1.goojara.to/m6M0xA,/no.jpg
Drama,Thorp,2020,DVD,https://ww1.goojara.to/mxG2lZ,/no.jpg
Drama,White Men Can't Jump,2023,DVD,https://ww1.goojara.to/mN9N6j,/no.jpg
Drama,Women Talking,2023,DVD,https://ww1.goojara.to/mpQGpV,/no.jpg
Drama,To Catch a Killer,2023,HDR,https://ww1.goojara.to/mVwgOv,/no.jpg
Drama,Big George Foreman,2023,DVD,https://ww1.goojara.to/mWkGlQ,/no.jpg
Drama,The Bourne Identity,1988,DVD,https://ww1.goojara.to/mQa6nM,/no.jpg
Drama,The Fixer,1998,DVD,https://ww1.goojara.to/mOexXN,/no.jpg
Drama,100 Blocks,2017,DVD,https://ww1.goojara.to/m5QZea,/no.jpg
Drama,Girl in the Closet,2023,DVD,https://ww1.goojara.to/mZDGX6,/no.jpg
Drama,Crater,2023,DVD,https://ww1.goojara.to/mGQnwb,/no.jpg
Drama,Paint,2023,DVD,https://ww1.goojara.to/meQG1m,/no.jpg
Drama,Air,2023,HDR,https://ww1.goojara.to/mEQM1m,/no.jpg
Drama,Blue Valley Songbird,1999,DVD,https://ww1.goojara.to/mmwGp0,/no.jpg
Drama,Sweetwater,2023,DVD,https://ww1.goojara.to/mAeO6x,/no.jpg
Drama,Waffle Street,2015,DVD,https://ww1.goojara.to/mqGZl6,/no.jpg
Drama,Last Resort,2022,DVD,https://ww1.goojara.to/mpQGOV,/no.jpg
Drama,All I Want,2017,DVD,https://ww1.goojara.to/mWkGqQ,/no.jpg
Drama,A Thousand and One,2023,DVD,https://ww1.goojara.to/mXnGRO,/no.jpg
Drama,Beautiful Disaster,2023,DVD,https://ww1.goojara.to/mMGkOe,/no.jpg
Drama,Last Sentinel,2023,DVD,https://ww1.goojara.to/mllGpw,/no.jpg
Drama,Kings of Mulberry Street: Let Love Reign,2023,DVD,https://ww1.goojara.to/mvpyaN,/no.jpg
Drama,Ashes of Time,1994,DVD,https://ww1.goojara.to/mZDGV6,/no.jpg
Drama,"Jasper, Texas",2003,DVD,https://ww1.goojara.to/mJRWPz,/no.jpg
Drama,Going to America,2015,DVD,https://ww1.goojara.to/mrA0de,/no.jpg
Drama,The Wandering Earth 2,2023,DVD,https://ww1.goojara.to/m767Qy,/no.jpg
Drama,The Last Kingdom: Seven Kings Must Die,2023,HDR,https://ww1.goojara.to/mGQn6Z,/no.jpg
Drama,Jesus Revolution,2023,DVD,https://ww1.goojara.to/mEQMAN,/no.jpg
Drama,A Good Person,2023,DVD,https://ww1.goojara.to/m9Wvm0,/no.jpg
Drama,Chupa,2023,DVD,https://ww1.goojara.to/m86jQn,/no.jpg
Horror,Aquaman and the Lost Kingdom,,,/mGQnjg,/no.jpg
Horror,Migration,,,/meQGO0,/no.jpg
Horror,Ferrari,,,/mwOr5B,/no.jpg
Horror,Wish,,,/mRzBdZ,/no.jpg
Horror,Wonka,,,/m4WByM,/no.jpg
Horror,The Color Purple,,,/mN9NG4,/no.jpg
Horror,The Marvels,,,/mjPG5a,/no.jpg
Horror,The Black Demon,2023,DVD,https://ww1.goojara.to/meQGam,/no.jpg
Horror,Swallowed,2022,DVD,https://ww1.goojara.to/mPLq6A,/no.jpg
Horror,Night of the Demons III,1997,DVD,https://ww1.goojara.to/mnkGwx,/no.jpg
Horror,War of the Worlds: The Attack,2023,DVD,https://ww1.goojara.to/mDJDjM,/no.jpg
Horror,The Mount 2,2022,DVD,https://ww1.goojara.to/mdnG8n,/no.jpg
Horror,Stay Out of the Basement,2023,DVD,https://ww1.goojara.to/mabGxV,/no.jpg
Horror,Caviar,2023,DVD,https://ww1.goojara.to/mJRWnp,/no.jpg
Horror,Wolf Mountain,2022,DVD,https://ww1.goojara.to/m4WBqg,/no.jpg
Horror,Evil Dead Rise,2023,DVD,https://ww1.goojara.to/m86jk5,/no.jpg
Horror,Renfield,2023,DVD,https://ww1.goojara.to/mdnGNn,/no.jpg
Horror,The Pope's Exorcist,2023,DVD,https://ww1.goojara.to/mOexqN,/no.jpg
Horror,Sick,2023,DVD,https://ww1.goojara.to/mLRzr1,/no.jpg
Horror,Clock,2023,DVD,https://ww1.goojara.to/mJRWPp,/no.jpg
Horror,From Black,2023,DVD,https://ww1.goojara.to/mrA0dj,/no.jpg
Horror,Scream VI,2023,DVD,https://ww1.goojara.to/m06Np7,/no.jpg
Horror,Kids vs. Aliens,2023,DVD,https://ww1.goojara.to/mgEGJr,/no.jpg
Horror,The Unheard,2023,DVD,https://ww1.goojara.to/mdnGk7,/no.jpg
Horror,Lullaby,2022,HDR,https://ww1.goojara.to/m767ay,/no.jpg
Horror,Batman: The Doom That Came to Gotham,2023,DVD,https://ww1.goojara.to/mZDG97,/no.jpg
Horror,Unseen,2023,DVD,https://ww1.goojara.to/mGQnEZ,/no.jpg
Horror,Camp Murder,2021,DVD,https://ww1.goojara.to/m1exPy,/no.jpg
Horror,Children of the Corn,2020,DVD,https://ww1.goojara.to/mB4lqd,/no.jpg
Horror,Winnie the Pooh: Blood and Honey,2023,DVD,https://ww1.goojara.to/mqGZpz,/no.jpg
Horror,Raven's Hollow,2022,HDR,https://ww1.goojara.to/mdnGy7,/no.jpg
Horror,Nanny,2022,HDR,https://ww1.goojara.to/mllGRB,/no.jpg
Horror,The Devil Conspiracy,2023,HDR,https://ww1.goojara.to/mvpyM0,/no.jpg
Horror,Quicksilver Highway,1997,DVD,https://ww1.goojara.to/mjPGW7,/no.jpg
Horror,"Fear, Inc.",2016,DVD,https://ww1.goojara.to/m767xy,/no.jpg
Horror,Spoonful of Sugar,2023,HDR,https://ww1.goojara.to/m06N50,/no.jpg
Horror,Unwelcome,2023,DVD,https://ww1.goojara.to/mZDGZm,/no.jpg
Horror,Inmate Zero,2020,HDR,https://ww1.goojara.to/mb8G8a,/no.jpg
Horror,Knock at the Cabin,2023,HDR,https://ww1.goojara.to/mAeOeA,/no.jpg
Horror,Blood Harvest,2023,HDR,https://ww1.goojara.to/mpQGQR,/no.jpg
Horror,Skinamarink,2023,HDR,https://ww1.goojara.to/mWkGkb,/no.jpg
Horror,Ghosts of Hiroshima,2022,HDR,https://ww1.goojara.to/mXnGnW,/no.jpg
